"loadTime","docTime","fullyLoaded","bytesOut","bytesOutDoc","bytesIn","bytesInDoc","requests","requestsFull","requestsDoc","responses_200","responses_404","responses_other","result","testStartOffset","cached","optimization_checked","main_frame","loadEventStart","loadEventEnd","domContentLoadedEventStart","domContentLoadedEventEnd","URL","connections","final_base_page_request","final_base_page_request_id","final_url","domInteractive","firstPaint","firstContentfulPaint","firstMeaningfulPaint","firstImagePaint","renderBlockingCSS","renderBlockingJS","TTFB","basePageSSLTime","score_cache","score_cdn","score_gzip","score_cookies","score_keep-alive","score_minify","score_combine","score_compress","score_etags","score_progressive_jpeg","gzip_total","gzip_savings","minify_total","minify_savings","image_total","image_savings","base_page_cdn","cpu.ParseHTML","cpu.EventDispatch","cpu.V8.GC_TIME_TO_SAFEPOINT","cpu.CommitLoad","cpu.HTMLDocumentParser::MaybeFetchQueuedPreloads","cpu.ResourceFetcher::requestResource","cpu.ParseAuthorStyleSheet","cpu.EvaluateScript","cpu.v8.compile","cpu.v8.compileModule","cpu.UpdateLayoutTree","cpu.Layout","cpu.PrePaint","cpu.Paint","cpu.Layerize","cpu.HitTest","cpu.TimerFire","cpu.FunctionCall","cpu.CompressionStream Deflate","cpu.XHRReadyStateChange","cpu.v8.evaluateModule","cpu.V8.GC_HEAP_EXTERNAL_PROLOGUE","cpu.MinorGC","cpu.V8.GC_HEAP_PROLOGUE","cpu.V8.GC_SCAVENGER","cpu.V8.GC_HEAP_PROLOGUE_SAFEPOINT","cpu.V8.GC_SCAVENGER_SCAVENGE","cpu.V8.GC_SCAVENGER_SCAVENGE_WEAK_GLOBAL_HANDLES_IDENTIFY","cpu.ComputeWeaknessProcessor start","cpu.V8.GC_SCAVENGER_TRACED_HANDLES_COMPUTE_WEAKNESS_PARALLEL","cpu.V8.GC_SCAVENGER_SCAVENGE_ROOTS","cpu.V8.GC_SCAVENGER_SCAVENGE_PARALLEL_PHASE","cpu.Parallel scavenge started","cpu.V8.GC_SCAVENGER_SCAVENGE_PARALLEL","cpu.V8.GC_SCAVENGER_SCAVENGE_WEAK_GLOBAL_HANDLES_PROCESS","cpu.ClearWeaknessProcessor start","cpu.V8.GC_SCAVENGER_TRACED_HANDLES_RESET_PARALLEL","cpu.V8.GC_SCAVENGER_SCAVENGE_FINALIZE","cpu.V8.GC_SCAVENGER_SCAVENGE_UPDATE_REFS","cpu.V8.GC_SCAVENGER_FREE_REMEMBERED_SET","cpu.V8.GC_SCAVENGER_SWEEP_ARRAY_BUFFERS","cpu.V8.GC_SCAVENGER_RESIZE_NEW_SPACE","cpu.V8.GC_HEAP_EXTERNAL_WEAK_GLOBAL_HANDLES","cpu.V8.GC_HEAP_EPILOGUE_SAFEPOINT","cpu.V8.GC_HEAP_EPILOGUE","cpu.V8.GC_HEAP_EXTERNAL_EPILOGUE","cpu.MarkDOMContent","cpu.MarkLoad","cpu.V8.GC_HEAP_EXTERNAL_SECOND_PASS_CALLBACKS","cpu.V8.GC_SCAVENGER_COMPLETE_SWEEP_ARRAY_BUFFERS","cpu.BeginRemoteFontLoad","cpu.FireAnimationFrame","cpu.largestContentfulPaint::Candidate","cpu.XHRLoad","cpu.RemoteFontLoaded","cpu.FireIdleCallback","cpu.ResourceChangePriority","cpu.IntersectionObserverController::computeIntersections","cpu.V8.GC_MC_INCREMENTAL_START","cpu.V8.GC_MC_INCREMENTAL_EXTERNAL_PROLOGUE","cpu.V8.GC_MC_MARK_EMBEDDER_PROLOGUE","cpu.V8.GC_MC_MARK_ROOTS","cpu.Major concurrent marking started","cpu.V8.GC_MC_INCREMENTAL_EXTERNAL_EPILOGUE","cpu.V8.GC_MC_INCREMENTAL","cpu.V8.GC_MC_INCREMENTAL_EMBEDDER_TRACING","cpu.Major concurrent marking rescheduled","cpu.MajorGC","cpu.V8.GC_MARK_COMPACTOR","cpu.V8.GC_MC_PROLOGUE","cpu.V8.GC_MC_MARK","cpu.V8.GC_MC_MARK_FINISH_INCREMENTAL","cpu.V8.GC_MC_MARK_CLIENT_HEAPS","cpu.V8.GC_MC_MARK_RETAIN_MAPS","cpu.V8.GC_MC_MARK_FULL_CLOSURE_PARALLEL","cpu.V8.GC_MC_MARK_EMBEDDER_TRACING","cpu.V8.GC_MC_MARK_WEAK_CLOSURE_EPHEMERON_MARKING","cpu.V8.GC_MC_MARK_FULL_CLOSURE_PARALLEL_JOIN","cpu.V8.GC_CONSERVATIVE_STACK_SCANNING","cpu.V8.GC_MC_MARK_FULL_CLOSURE_SERIAL","cpu.V8.GC_MC_CLEAR","cpu.V8.GC_MC_CLEAR_STRING_FORWARDING_TABLE","cpu.ClearStringTableJob started","cpu.V8.GC_MC_CLEAR_EXTERNAL_STRING_TABLE","cpu.V8.GC_MC_CLEAR_WEAK_GLOBAL_HANDLES","cpu.V8.GC_MC_CLEAR_FLUSHABLE_BYTECODE","cpu.V8.GC_MC_SWEEP_JS_DISPATCH_TABLE","cpu.V8.GC_MC_CLEAR_FLUSHED_JS_FUNCTIONS","cpu.V8.GC_MC_CLEAR_WEAK_LISTS","cpu.V8.GC_MC_CLEAR_MAPS","cpu.ClearTrivialWeakRefJob started","cpu.FilterNonTrivialWeakRefJob started","cpu.V8.GC_MC_SWEEP_EXTERNAL_POINTER_TABLE","cpu.V8.GC_MC_SWEEP_TRUSTED_POINTER_TABLE","cpu.V8.GC_MC_SWEEP_CODE_POINTER_TABLE","cpu.V8.GC_MC_SWEEP_WASM_CODE_POINTER_TABLE","cpu.V8.GC_MC_CLEAR_WEAK_REFERENCES_JOIN_FILTER_JOB","cpu.V8.GC_MC_CLEAR_WEAK_REFERENCES_FILTER_NON_TRIVIAL","cpu.V8.GC_MC_WEAKNESS_HANDLING","cpu.V8.GC_MC_CLEAR_WEAK_REFERENCES_NON_TRIVIAL","cpu.V8.GC_MC_CLEAR_WEAK_COLLECTIONS","cpu.V8.GC_MC_CLEAR_JS_WEAK_REFERENCES","cpu.V8.GC_MC_CLEAR_JOIN_JOB","cpu.V8.GC_MC_SWEEP","cpu.V8.GC_MC_EVACUATE","cpu.V8.GC_MC_EVACUATE_PROLOGUE","cpu.V8.GC_MC_EVACUATE_COPY","cpu.PageEvacuationJob started","cpu.V8.GC_MC_EVACUATE_COPY_PARALLEL","cpu.V8.GC_MC_EVACUATE_UPDATE_POINTERS","cpu.V8.GC_MC_EVACUATE_UPDATE_POINTERS_TO_NEW_ROOTS","cpu.V8.GC_MC_EVACUATE_UPDATE_POINTERS_CLIENT_HEAPS","cpu.V8.GC_MC_EVACUATE_UPDATE_POINTERS_SLOTS_MAIN","cpu.PointersUpdatingJob started","cpu.V8.GC_MC_EVACUATE_UPDATE_POINTERS_PARALLEL","cpu.V8.GC_MC_EVACUATE_UPDATE_POINTERS_WEAK","cpu.V8.GC_MC_EVACUATE_UPDATE_POINTERS_POINTER_TABLES","cpu.V8.GC_MC_EVACUATE_CLEAN_UP","cpu.V8.GC_MC_EVACUATE_EPILOGUE","cpu.V8.GC_MC_SWEEP_NEW_LO","cpu.V8.GC_MC_EVACUATE_REBALANCE","cpu.V8.GC_MC_FINISH","cpu.V8.GC_MC_FINISH_SWEEP_ARRAY_BUFFERS","cpu.V8.GC_MC_SWEEP_START_JOBS","cpu.V8.GC_MC_EPILOGUE","cpu.V8.GC_HEAP_EMBEDDER_TRACING_EPILOGUE","cpu.Idle","tester","start_epoch","osVersion","os_version","osPlatform","date","browserVersion","browser_version","fullyLoadedCPUms","fullyLoadedCPUpct","document_URL","document_hostname","document_origin","domElements","domComplete","PerformancePaintTiming.first-paint","PerformancePaintTiming.first-contentful-paint","base_page_ip_ptr","base_page_cname","base_page_dns_server","browser_name","eventName","test_run_time_ms","testUrl","Colordepth","Dpi","Images","Resolution","generated-content-percent","generated-content-size","meta-viewport","rendered-html","lastVisualChange","render","visualComplete85","visualComplete90","visualComplete95","visualComplete99","visualComplete","SpeedIndex","LargestContentfulPaintType","LargestContentfulPaintNodeType","LargestContentfulPaintImageURL","chromeUserTiming.navigationStart","chromeUserTiming.fetchStart","chromeUserTiming.domLoading","chromeUserTiming.responseEnd","chromeUserTiming.domInteractive","chromeUserTiming.domContentLoadedEventStart","chromeUserTiming.domContentLoadedEventEnd","chromeUserTiming.domComplete","chromeUserTiming.unloadEventStart","chromeUserTiming.unloadEventEnd","chromeUserTiming.markAsMainFrame","chromeUserTiming.commitNavigationEnd","chromeUserTiming.firstMeaningfulPaintCandidate","chromeUserTiming.firstPaint","chromeUserTiming.loadEventStart","chromeUserTiming.loadEventEnd","chromeUserTiming.firstContentfulPaint","chromeUserTiming.firstMeaningfulPaint","chromeUserTiming.InteractiveTime","chromeUserTiming.firstImagePaint","chromeUserTiming.LargestTextPaint","chromeUserTiming.LargestContentfulPaint","chromeUserTiming.LargestImagePaint","chromeUserTiming.TotalLayoutShift","chromeUserTiming.CumulativeLayoutShift","FirstInteractive","maxFID","TTIMeasurementEnd","LastInteractive","TimeToInteractive","FirstCPUIdle","TotalBlockingTime","testID","run","step","effectiveBps","domTime","aft","titleTime","domLoading","server_rtt","edge-processed","effectiveBpsDoc","bytes.html","requests.html","bytesUncompressed.html","bytes.js","requests.js","bytesUncompressed.js","bytes.css","requests.css","bytesUncompressed.css","bytes.image","requests.image","bytesUncompressed.image","bytes.flash","requests.flash","bytesUncompressed.flash","bytes.font","requests.font","bytesUncompressed.font","bytes.video","requests.video","bytesUncompressed.video","bytes.other","requests.other","bytesUncompressed.other","id","cpu.v8.produceModuleCache","cpu.v8.produceCache","cpu.V8.GC_MC_CLEAR_WEAK_REFERENCES_TRIVIAL",
"2505","2505","29958","117612","14648","15886111","1839039","54","54","8","46","0","8","0","0","0","1","030A34D215B50943BD7FF513710C37DD","2444","2445","2444","2444","https://slayd.in/","14","0","1B5B7AF075A18D6813AAC71995B44EF7","https://slayd.in/","621","1304","2599","3603","6102","2","0","220","54","3","54","33","-1","100","-1","-1","100","-1","63","1269990","857771","-1","-1","3370788","24651","","3","20","0","0","2","26","1","40","8","1","56","85","32","115","37","1","36","228","2","1","36","0","2","0","2","0","2","0","0","0","0","2","0","2","0","0","0","0","0","0","0","0","0","0","0","0","0","0","0","0","0","16","0","1","0","32","0","9","0","0","0","0","0","0","0","0","0","0","0","0","0","0","0","0","0","0","0","0","0","0","0","0","0","1","0","0","0","0","0","0","0","0","0","0","0","0","0","0","0","0","0","0","0","0","0","0","0","0","0","0","0","0","0","0","0","0","0","0","0","0","0","0","0","0","0","0","29157","ip-172-31-12-229-10.10.1.125","1751391587.5566","Linux 6.8.0-1028-aws","Linux 6.8.0-1028-aws","x86_64 x86_64","1751391589.6421","136.0.0.0","136.0.0.0","9269","16.666666666666","https://slayd.in/","slayd.in","https://slayd.in","411","2444","1304","2540","ec2-3-110-40-235.ap-south-1.compute.amazonaws.com","","ns64.domaincontrol.com","Chrome","Step_1","43343","https://slayd.in/","24","{""dppx"":1,""dpcm"":37.79527559055118,""dpi"":96}","[{""url"":""https://d19dlu1w9mnmln.cloudfront.net/media/b_R9uWjR2"",""width"":657,""height"":875,""naturalWidth"":540,""naturalHeight"":720},{""url"":""https://slayd.in/images/brands/Savana.png"",""width"":20,""height"":20,""naturalWidth"":54,""naturalHeight"":54},{""url"":""https://d19dlu1w9mnmln.cloudfront.net/media/b_q5PKYPq"",""width"":657,""height"":875,""naturalWidth"":1080,""naturalHeight"":1440},{""url"":""https://slayd.in/images/brands/Myntra.png"",""width"":20,""height"":20,""naturalWidth"":54,""naturalHeight"":54},{""url"":""https://d19dlu1w9mnmln.cloudfront.net/b_E3tvoSr"",""width"":657,""height"":821,""naturalWidth"":2702,""naturalHeight"":3377},{""url"":""https://d19dlu1w9mnmln.cloudfront.net/b_54fECSp"",""width"":657,""height"":985,""naturalWidth"":2262,""naturalHeight"":3393},{""url"":""https://d19dlu1w9mnmln.cloudfront.net/b_Zvr4eFLi"",""width"":657,""height"":985,""naturalWidth"":1000,""naturalHeight"":1500},{""url"":""https://d19dlu1w9mnmln.cloudfront.net/media/b_UMwfCkg"",""width"":657,""height"":823,""naturalWidth"":473,""naturalHeight"":593},{""url"":""https://slayd.in/images/brands//Ajio.png"",""width"":20,""height"":20,""naturalWidth"":54,""naturalHeight"":54},{""url"":""https://d19dlu1w9mnmln.cloudfront.net/b_JRsmaSba"",""width"":657,""height"":986,""naturalWidth"":375,""naturalHeight"":563},{""url"":""https://slayd.in/images/brands/Zara.png"",""width"":20,""height"":20,""naturalWidth"":54,""naturalHeight"":54},{""url"":""https://d19dlu1w9mnmln.cloudfront.net/media/b_nVIIvXb"",""width"":657,""height"":875,""naturalWidth"":1500,""naturalHeight"":2000},{""url"":""https://slayd.in/images/brands/Nyka.png"",""width"":20,""height"":20,""naturalWidth"":54,""naturalHeight"":54},{""url"":""https://d19dlu1w9mnmln.cloudfront.net/b_CR7sfSn"",""width"":657,""height"":657,""naturalWidth"":800,""naturalHeight"":800},{""url"":""https://slayd.in/images/brands/Newme.png"",""width"":20,""height"":20,""naturalWidth"":54,""naturalHeight"":54},{""url"":""https://d19dlu1w9mnmln.cloudfront.net/b_xHKDY4L"",""width"":657,""height"":985,""naturalWidth"":2048,""naturalHeight"":3072},{""url"":""https://slayd.in/images/brands/Zara.png"",""width"":20,""height"":20,""naturalWidth"":54,""naturalHeight"":54},{""url"":""https://d19dlu1w9mnmln.cloudfront.net/media/b_uCMpVUE"",""width"":657,""height"":875,""naturalWidth"":1080,""naturalHeight"":1440},{""url"":""https://slayd.in/images/brands/Myntra.png"",""width"":20,""height"":20,""naturalWidth"":54,""naturalHeight"":54},{""url"":""https://d19dlu1w9mnmln.cloudfront.net/b_bTmm9fY"",""width"":657,""height"":813,""naturalWidth"":1920,""naturalHeight"":2379},{""url"":""https://d19dlu1w9mnmln.cloudfront.net/b_Y2brBRk"",""width"":657,""height"":875,""naturalWidth"":540,""naturalHeight"":720},{""url"":""https://slayd.in/images/brands/Savana.png"",""width"":20,""height"":20,""naturalWidth"":54,""naturalHeight"":54},{""url"":""https://d19dlu1w9mnmln.cloudfront.net/b_7ZlmZf0"",""width"":657,""height"":812,""naturalWidth"":400,""naturalHeight"":495},{""url"":""https://d19dlu1w9mnmln.cloudfront.net/b_iKfLYxS"",""width"":657,""height"":821,""naturalWidth"":1080,""naturalHeight"":1350},{""url"":""https://slayd.in/images/brands/Littlebox.png"",""width"":20,""height"":20,""naturalWidth"":54,""naturalHeight"":54},{""url"":""https://d19dlu1w9mnmln.cloudfront.net/b_5AmQ7SH"",""width"":657,""height"":985,""naturalWidth"":800,""naturalHeight"":1200},{""url"":""https://d19dlu1w9mnmln.cloudfront.net/b_w2dU1Gs"",""width"":657,""height"":875,""naturalWidth"":768,""naturalHeight"":1024},{""url"":""https://d19dlu1w9mnmln.cloudfront.net/b_Z2Km9XNl"",""width"":657,""height"":875,""naturalWidth"":1080,""naturalHeight"":1440},{""url"":""https://slayd.in/images/brands/Myntra.png"",""width"":20,""height"":20,""naturalWidth"":54,""naturalHeight"":54},{""url"":""https://d19dlu1w9mnmln.cloudfront.net/b_YYYPRlj"",""width"":657,""height"":985,""naturalWidth"":400,""naturalHeight"":600},{""url"":""https://d19dlu1w9mnmln.cloudfront.net/media/b_GpF3t5h"",""width"":657,""height"":875,""naturalWidth"":1500,""naturalHeight"":2000},{""url"":""https://slayd.in/images/brands/Nyka.png"",""width"":20,""height"":20,""naturalWidth"":54,""naturalHeight"":54}]","{""absolute"":{""height"":1200,""width"":1920},""available"":{""height"":1200,""width"":1920}}","87.42","19.69","width=device-width, initial-scale=1, maximum-scale=1, user-scalable=no, viewport-fit=cover","<html lang=""en""><head>
    <meta charset=""utf-8"">
    <meta name=""viewport"" content=""width=device-width, initial-scale=1, maximum-scale=1, user-scalable=no, viewport-fit=cover"">
    <meta name=""theme-color"" content=""rgb(249, 247, 243)"">
    <meta name=""color-scheme"" content=""light"">
    <meta name=""description"" content=""One stop solution for fashion discovery"">

    <!-- Open Graph / Facebook -->
    <meta property=""og:type"" content=""website"">
    <meta property=""og:url"" content=""https://slayd.in/"">
    <meta property=""og:title"" content=""Slayd - AI-Powered Fashion Discovery"">
    <meta property=""og:description"" content=""One stop solution for fashion discovery. Find similar outfits from 5000+ Indian and global fashion brands."">
    <meta property=""og:image"" content=""https://slayd.in/icons/logo-512x512.png"">

    <!-- Twitter -->
    <meta property=""twitter:card"" content=""summary_large_image"">
    <meta property=""twitter:url"" content=""https://slayd.in/"">
    <meta property=""twitter:title"" content=""Slayd - AI-Powered Fashion Discovery"">
    <meta property=""twitter:description"" content=""One stop solution for fashion discovery. Find similar outfits from 5000+ Indian and global fashion brands."">
    <meta property=""twitter:image"" content=""https://slayd.in/icons/logo-512x512.png"">

    <link rel=""icon"" href=""/icons/logo.svg"">
    <link rel=""icon"" type=""image/png"" sizes=""16x16"" href=""/icons/logo-16x16.png"">
    <link rel=""icon"" type=""image/png"" sizes=""32x32"" href=""/icons/logo-32x32.png"">
    <link rel=""icon"" type=""image/png"" sizes=""192x192"" href=""/icons/logo-192x192.png"">
    <link rel=""icon"" type=""image/png"" sizes=""512x512"" href=""/icons/logo-512x512.png"">
    <link rel=""apple-touch-icon"" href=""/icons/logo-192x192.png"">

    <link rel=""preconnect"" href=""https://fonts.googleapis.com"">
    <link rel=""preconnect"" href=""https://fonts.gstatic.com"" crossorigin="""">
    <link rel=""preconnect"" href=""https://api.slayd.in"">

    <link href=""https://fonts.googleapis.com/css2?family=Reddit+Sans+Condensed:wght@200..900&amp;display=swap"" rel=""stylesheet"">

    <script async="""" src=""https://www.clarity.ms/s/0.8.15/clarity.js""></script><script async="""" src=""https://www.clarity.ms/tag/qrmpd2xepk""></script><script type=""text/javascript"">
      (function(c,l,a,r,i,t,y){
          c[a]=c[a]||function(){(c[a].q=c[a].q||[]).push(arguments)};
          t=l.createElement(r);t.async=1;t.src=""https://www.clarity.ms/tag/""+i;
          y=l.getElementsByTagName(r)[0];y.parentNode.insertBefore(t,y);
      })(window, document, ""clarity"", ""script"", ""qrmpd2xepk"");
    </script>

    <title>Slayd</title>
    <script type=""module"" crossorigin="""" src=""/assets/index-kSBiKzVV.js""></script>
    <link rel=""modulepreload"" crossorigin="""" href=""/assets/vendor-BQK9_sJn.js"">
    <link rel=""stylesheet"" crossorigin="""" href=""/assets/index-D_qX400Y.css"">
  </head>
  <body>
    <noscript>You need to enable JavaScript to run this app.</noscript>
    <div id=""root""><main><div class=""_container_12v3g_3""><div class=""_row_12v3g_10""><div class=""_backButtonWrapper_12v3g_15"" style=""width: 0px;""><button class=""_backButton_12v3g_15"" style=""opacity: 0;""><svg stroke=""currentColor"" fill=""currentColor"" stroke-width=""0"" viewBox=""0 0 512 512"" color=""#2F314A"" height=""1em"" width=""1em"" xmlns=""http://www.w3.org/2000/svg"" style=""color: rgb(47, 49, 74);""><path d=""M217.9 256L345 129c9.4-9.4 9.4-24.6 0-33.9-9.4-9.4-24.6-9.3-34 0L167 239c-9.1 9.1-9.3 23.7-.7 33.1L310.9 417c4.7 4.7 10.9 7 17 7s12.3-2.3 17-7c9.4-9.4 9.4-24.6 0-33.9L217.9 256z""></path></svg></button></div><div class=""_searchWrapper_12v3g_30""><div class=""_searchIconWrapper_12v3g_169""><svg xmlns=""http://www.w3.org/2000/svg"" width=""14px"" height=""14px"" fill=""none""><path fill=""#080928"" d=""M11.048 10.074 14 13.025l-.975.975-2.951-2.952A6.205 6.205 0 0 1 0 6.202 6.205 6.205 0 0 1 6.203 0a6.205 6.205 0 0 1 4.845 10.074Zm-1.382-.512a4.823 4.823 0 0 0-3.463-8.184 4.823 4.823 0 0 0-4.825 4.825 4.823 4.823 0 0 0 8.184 3.463l.104-.104Z""></path></svg></div><input class=""_searchInput_12v3g_40"" placeholder=""Search 'clubbing outfits'"" type=""text"" value="""" style=""padding-left: 43px;""><input accept=""image/*"" id=""imageUpload"" class=""_fileInput_12v3g_183"" type=""file""><span class=""_clearIcon_12v3g_158""><svg xmlns=""http://www.w3.org/2000/svg"" width=""1.5em"" height=""1.2em"" fill=""none""><path fill=""#71738A"" d=""m16.261 6.774-.205.471a.422.422 0 0 1-.778 0l-.206-.471a3.636 3.636 0 0 0-1.849-1.876l-.633-.282a.442.442 0 0 1 0-.802l.598-.266a3.638 3.638 0 0 0 1.875-1.939l.211-.51a.422.422 0 0 1 .785 0l.21.51a3.638 3.638 0 0 0 1.877 1.939l.597.266a.442.442 0 0 1 0 .802l-.633.282a3.635 3.635 0 0 0-1.849 1.876ZM6.5 2.5h4.167v1.667H7.19L5.524 5.834h-3.19v10h13.333V9.167h1.666v7.5c0 .46-.373.833-.833.833h-15a.833.833 0 0 1-.833-.833V5c0-.46.373-.833.833-.833h3.333L6.5 2.5ZM9 15a4.583 4.583 0 1 1 0-9.166A4.583 4.583 0 0 1 9 15Zm0-1.666A2.917 2.917 0 1 0 9 7.5a2.917 2.917 0 0 0 0 5.834Z""></path></svg></span></div></div><div class=""_filterWrapper_12v3g_57 no-drag""><div class=""_Container_iw86x_1""><button class=""_Button_iw86x_13"" style=""border-radius: 20px; border-width: 0px; border-style: none; border-color: transparent; background-color: rgb(249, 247, 243); cursor: pointer;"">Price<svg stroke=""currentColor"" fill=""currentColor"" stroke-width=""0"" viewBox=""0 0 24 24"" color=""#2F314A"" height=""16"" width=""16"" xmlns=""http://www.w3.org/2000/svg"" style=""color: rgb(47, 49, 74);""><path d=""M11.9999 13.1714L16.9497 8.22168L18.3639 9.63589L11.9999 15.9999L5.63599 9.63589L7.0502 8.22168L11.9999 13.1714Z""></path></svg></button></div></div><div style=""z-index: 1000;""></div><div class=""_scrollWrapper_12v3g_131""><div><div class=""_content_l36qx_1""><div class=""_column_l36qx_13""><div style=""padding-bottom: 12px;""><div data-product-item=""true""><a href=""/product/101071"" rel=""noopener noreferrer""><div><div><div class=""_wrapper_1gm8f_1"" style=""padding-bottom: 133.333%;""><img alt=""Darted Bodycon Dress"" class=""_imageStyle_1gm8f_23"" loading=""lazy"" src=""https://d19dlu1w9mnmln.cloudfront.net/media/b_R9uWjR2""></div><div class=""_productDescriptionContainer_v8p0f_1""><p class=""_productText_v8p0f_17""><span class=""_brandNameText_v8p0f_28"">Savana</span><span> - </span><span>Darted Bodycon Dress</span></p></div><div class=""_productInfo_v8p0f_32""><div class=""_productInfoContainer_v8p0f_40""><div class=""_priceContainer_v8p0f_46""><p class=""_priceText_v8p0f_56"">₹792</p></div><img alt=""Savana"" class=""_marketplaceImage_v8p0f_71"" src=""/images/brands/Savana.png""></div></div></div></div></a></div></div><div style=""padding-bottom: 12px;""><div data-product-item=""true""><a href=""/product/329010"" rel=""noopener noreferrer""><div><div><div class=""_wrapper_1gm8f_1"" style=""padding-bottom: 133.333%;""><img alt=""Trendyol Women One Shoulder Sleeveless Top"" class=""_imageStyle_1gm8f_23"" loading=""lazy"" src=""https://d19dlu1w9mnmln.cloudfront.net/media/b_q5PKYPq""></div><div class=""_productDescriptionContainer_v8p0f_1""><p class=""_productText_v8p0f_17""><span class=""_brandNameText_v8p0f_28"">Trendyol</span><span> - </span><span>Trendyol Women One Shoulder Sleeveless Top</span></p></div><div class=""_productInfo_v8p0f_32""><div class=""_productInfoContainer_v8p0f_40""><div class=""_priceContainer_v8p0f_46""><p class=""_priceText_v8p0f_56"">₹3,599</p><p class=""_mrpText_v8p0f_63""><span>₹7,199</span></p></div><img alt=""Myntra"" class=""_marketplaceImage_v8p0f_71"" src=""/images/brands/Myntra.png""></div></div></div></div></a></div></div><div style=""padding-bottom: 12px;""><div data-product-item=""true""><a href=""/product/796412"" rel=""noopener noreferrer""><div><div><div class=""_wrapper_1gm8f_1"" style=""padding-bottom: 124.981%;""><img alt=""Blue Atoll Handcrafted Earrings"" class=""_imageStyle_1gm8f_23"" loading=""lazy"" src=""https://d19dlu1w9mnmln.cloudfront.net/b_E3tvoSr""></div><div class=""_productDescriptionContainer_v8p0f_1""><p class=""_productText_v8p0f_17""><span class=""_brandNameText_v8p0f_28"">Aachho</span><span> - </span><span>Blue Atoll Handcrafted Earrings</span></p></div><div class=""_productInfo_v8p0f_32""><div class=""_productInfoContainer_v8p0f_40""><div class=""_priceContainer_v8p0f_46""><p class=""_priceText_v8p0f_56"">₹570</p></div></div></div></div></div></a></div></div><div style=""padding-bottom: 12px;""><div data-product-item=""true""><a href=""/product/729473"" rel=""noopener noreferrer""><div><div><div class=""_wrapper_1gm8f_1"" style=""padding-bottom: 150%;""><img alt=""Dainty Daisy Handmade Cardigan"" class=""_imageStyle_1gm8f_23"" loading=""lazy"" src=""https://d19dlu1w9mnmln.cloudfront.net/b_54fECSp""></div><div class=""_productDescriptionContainer_v8p0f_1""><p class=""_productText_v8p0f_17""><span class=""_brandNameText_v8p0f_28"">Local Nation</span><span> - </span><span>Dainty Daisy Handmade Cardigan</span></p></div><div class=""_productInfo_v8p0f_32""><div class=""_productInfoContainer_v8p0f_40""><div class=""_priceContainer_v8p0f_46""><p class=""_priceText_v8p0f_56"">₹3,515</p></div></div></div></div></div></a></div></div><div style=""padding-bottom: 12px;""><div data-product-item=""true""><a href=""/product/958439"" rel=""noopener noreferrer""><div><div><div class=""_wrapper_1gm8f_1"" style=""padding-bottom: 150%;""><img alt=""Vintage Sky Distress Bootcut Jeans"" class=""_imageStyle_1gm8f_23"" loading=""lazy"" src=""https://d19dlu1w9mnmln.cloudfront.net/b_Zvr4eFLi""></div><div class=""_productDescriptionContainer_v8p0f_1""><p class=""_productText_v8p0f_17""><span class=""_brandNameText_v8p0f_28"">Freakins</span><span> - </span><span>Vintage Sky Distress Bootcut Jeans</span></p></div><div class=""_productInfo_v8p0f_32""><div class=""_productInfoContainer_v8p0f_40""><div class=""_priceContainer_v8p0f_46""><p class=""_priceText_v8p0f_56"">₹1,599</p></div></div></div></div></div></a></div></div><div style=""padding-bottom: 12px;""><div data-product-item=""true""><a href=""/product/425875"" rel=""noopener noreferrer""><div><div><div class=""_wrapper_1gm8f_1"" style=""padding-bottom: 125.37%;""><img alt=""Supima Cotton The Softest T-Shirt Crew Neck"" class=""_imageStyle_1gm8f_23"" loading=""lazy"" src=""https://d19dlu1w9mnmln.cloudfront.net/media/b_UMwfCkg""></div><div class=""_productDescriptionContainer_v8p0f_1""><p class=""_productText_v8p0f_17""><span class=""_brandNameText_v8p0f_28"">Blissclub</span><span> - </span><span>Supima Cotton The Softest T-Shirt Crew Neck</span></p></div><div class=""_productInfo_v8p0f_32""><div class=""_productInfoContainer_v8p0f_40""><div class=""_priceContainer_v8p0f_46""><p class=""_priceText_v8p0f_56"">₹728</p><p class=""_mrpText_v8p0f_63""><span>₹1,599</span></p></div><img alt=""Ajio"" class=""_marketplaceImage_v8p0f_71"" src=""/images/brands//Ajio.png""></div></div></div></div></a></div></div><div style=""padding-bottom: 12px;""><div data-product-item=""true""><a href=""/product/971362"" rel=""noopener noreferrer""><div><div><div class=""_wrapper_1gm8f_1"" style=""padding-bottom: 150.133%;""><img alt=""MINI SHORTS"" class=""_imageStyle_1gm8f_23"" loading=""lazy"" src=""https://d19dlu1w9mnmln.cloudfront.net/b_JRsmaSba""></div><div class=""_productDescriptionContainer_v8p0f_1""><p class=""_productText_v8p0f_17""><span class=""_brandNameText_v8p0f_28"">Zara</span><span> - </span><span>MINI SHORTS</span></p></div><div class=""_productInfo_v8p0f_32""><div class=""_productInfoContainer_v8p0f_40""><div class=""_priceContainer_v8p0f_46""><p class=""_priceText_v8p0f_56"">₹2,350</p></div><img alt=""Zara"" class=""_marketplaceImage_v8p0f_71"" src=""/images/brands/Zara.png""></div></div></div></div></a></div></div><div style=""padding-bottom: 12px;""><div data-product-item=""true""><a href=""/product/199446"" rel=""noopener noreferrer""><div><div><div class=""_wrapper_1gm8f_1"" style=""padding-bottom: 133.333%;""><img alt=""Floral Halter Sheer Crop Tube Top"" class=""_imageStyle_1gm8f_23"" loading=""lazy"" src=""https://d19dlu1w9mnmln.cloudfront.net/media/b_nVIIvXb""></div><div class=""_productDescriptionContainer_v8p0f_1""><p class=""_productText_v8p0f_17""><span class=""_brandNameText_v8p0f_28"">Cider</span><span> - </span><span>Floral Halter Sheer Crop Tube Top</span></p></div><div class=""_productInfo_v8p0f_32""><div class=""_productInfoContainer_v8p0f_40""><div class=""_priceContainer_v8p0f_46""><p class=""_priceText_v8p0f_56"">₹1,799</p></div><img alt=""Nykaa"" class=""_marketplaceImage_v8p0f_71"" src=""/images/brands/Nyka.png""></div></div></div></div></a></div></div><div style=""padding-bottom: 12px;""><div data-product-item=""true""><a href=""/product/646154"" rel=""noopener noreferrer""><div><div><div class=""_wrapper_1gm8f_1"" style=""padding-bottom: 100%;""><img alt=""Imitation Silver Chain Link Layered Necklace"" class=""_imageStyle_1gm8f_23"" loading=""lazy"" src=""https://d19dlu1w9mnmln.cloudfront.net/b_CR7sfSn""></div><div class=""_productDescriptionContainer_v8p0f_1""><p class=""_productText_v8p0f_17""><span class=""_brandNameText_v8p0f_28"">Newme</span><span> - </span><span>Imitation Silver Chain Link Layered Necklace</span></p></div><div class=""_productInfo_v8p0f_32""><div class=""_productInfoContainer_v8p0f_40""><div class=""_priceContainer_v8p0f_46""><p class=""_priceText_v8p0f_56"">₹149</p></div><img alt=""Newme"" class=""_marketplaceImage_v8p0f_71"" src=""/images/brands/Newme.png""></div></div></div></div></a></div></div><div style=""padding-bottom: 24px;""><div data-product-item=""true""><a href=""/product/762425"" rel=""noopener noreferrer""><div><div><div class=""_wrapper_1gm8f_1"" style=""padding-bottom: 150%;""><img alt=""ASYMMETRIC MIDI DRESS"" class=""_imageStyle_1gm8f_23"" loading=""lazy"" src=""https://d19dlu1w9mnmln.cloudfront.net/b_xHKDY4L""></div><div class=""_productDescriptionContainer_v8p0f_1""><p class=""_productText_v8p0f_17""><span class=""_brandNameText_v8p0f_28"">Zara</span><span> - </span><span>ASYMMETRIC MIDI DRESS</span></p></div><div class=""_productInfo_v8p0f_32""><div class=""_productInfoContainer_v8p0f_40""><div class=""_priceContainer_v8p0f_46""><p class=""_priceText_v8p0f_56"">₹2,550</p></div><img alt=""Zara"" class=""_marketplaceImage_v8p0f_71"" src=""/images/brands/Zara.png""></div></div></div></div></a></div></div></div><div class=""_column_l36qx_13""><div style=""padding-bottom: 12px;""><div data-product-item=""true""><a href=""/product/134260"" rel=""noopener noreferrer""><div><div><div class=""_wrapper_1gm8f_1"" style=""padding-bottom: 133.333%;""><img alt=""Trendyol Round Neck Sheath Dress"" class=""_imageStyle_1gm8f_23"" loading=""lazy"" src=""https://d19dlu1w9mnmln.cloudfront.net/media/b_uCMpVUE""></div><div class=""_productDescriptionContainer_v8p0f_1""><p class=""_productText_v8p0f_17""><span class=""_brandNameText_v8p0f_28"">Trendyol</span><span> - </span><span>Trendyol Round Neck Sheath Dress</span></p></div><div class=""_productInfo_v8p0f_32""><div class=""_productInfoContainer_v8p0f_40""><div class=""_priceContainer_v8p0f_46""><p class=""_priceText_v8p0f_56"">₹3,599</p><p class=""_mrpText_v8p0f_63""><span>₹4,499</span></p></div><img alt=""Myntra"" class=""_marketplaceImage_v8p0f_71"" src=""/images/brands/Myntra.png""></div></div></div></div></a></div></div><div style=""padding-bottom: 12px;""><div data-product-item=""true""><a href=""/product/546581"" rel=""noopener noreferrer""><div><div><div class=""_wrapper_1gm8f_1"" style=""padding-bottom: 123.906%;""><img alt=""rareism women finn dark rust cotton fabric straight fit full sleeves solid hooded track suit"" class=""_imageStyle_1gm8f_23"" loading=""lazy"" src=""https://d19dlu1w9mnmln.cloudfront.net/b_bTmm9fY""></div><div class=""_productDescriptionContainer_v8p0f_1""><p class=""_productText_v8p0f_17""><span class=""_brandNameText_v8p0f_28"">The House Of Rare</span><span> - </span><span>rareism women finn dark rust cotton fabric straight fit full sleeves solid hooded track suit</span></p></div><div class=""_productInfo_v8p0f_32""><div class=""_productInfoContainer_v8p0f_40""><div class=""_priceContainer_v8p0f_46""><p class=""_priceText_v8p0f_56"">₹2,788</p><p class=""_mrpText_v8p0f_63""><span>₹4,499</span></p></div></div></div></div></div></a></div></div><div style=""padding-bottom: 12px;""><div data-product-item=""true""><a href=""/product/662251"" rel=""noopener noreferrer""><div><div><div class=""_wrapper_1gm8f_1"" style=""padding-bottom: 133.333%;""><img alt=""Geometric Mesh Leggings"" class=""_imageStyle_1gm8f_23"" loading=""lazy"" src=""https://d19dlu1w9mnmln.cloudfront.net/b_Y2brBRk""></div><div class=""_productDescriptionContainer_v8p0f_1""><p class=""_productText_v8p0f_17""><span class=""_brandNameText_v8p0f_28"">Savana</span><span> - </span><span>Geometric Mesh Leggings</span></p></div><div class=""_productInfo_v8p0f_32""><div class=""_productInfoContainer_v8p0f_40""><div class=""_priceContainer_v8p0f_46""><p class=""_priceText_v8p0f_56"">₹667</p></div><img alt=""Savana"" class=""_marketplaceImage_v8p0f_71"" src=""/images/brands/Savana.png""></div></div></div></div></a></div></div><div style=""padding-bottom: 12px;""><div data-product-item=""true""><a href=""/product/605866"" rel=""noopener noreferrer""><div><div><div class=""_wrapper_1gm8f_1"" style=""padding-bottom: 123.75%;""><img alt=""rareism women shelly rust poly cotton fabric relaxed fit full sleeves solid round neck sweatshirt"" class=""_imageStyle_1gm8f_23"" loading=""lazy"" src=""https://d19dlu1w9mnmln.cloudfront.net/b_7ZlmZf0""></div><div class=""_productDescriptionContainer_v8p0f_1""><p class=""_productText_v8p0f_17""><span class=""_brandNameText_v8p0f_28"">The House Of Rare</span><span> - </span><span>rareism women shelly rust poly cotton fabric relaxed fit full sleeves solid round neck sweatshirt</span></p></div><div class=""_productInfo_v8p0f_32""><div class=""_productInfoContainer_v8p0f_40""><div class=""_priceContainer_v8p0f_46""><p class=""_priceText_v8p0f_56"">₹1,979</p><p class=""_mrpText_v8p0f_63""><span>₹2,999</span></p></div></div></div></div></div></a></div></div><div style=""padding-bottom: 12px;""><div data-product-item=""true""><a href=""/product/798778"" rel=""noopener noreferrer""><div><div><div class=""_wrapper_1gm8f_1"" style=""padding-bottom: 125%;""><img alt=""Rib Button Drawstring Midi Dress Black Curve &amp; Plus"" class=""_imageStyle_1gm8f_23"" loading=""lazy"" src=""https://d19dlu1w9mnmln.cloudfront.net/b_iKfLYxS""></div><div class=""_productDescriptionContainer_v8p0f_1""><p class=""_productText_v8p0f_17""><span class=""_brandNameText_v8p0f_28"">Littlebox</span><span> - </span><span>Rib Button Drawstring Midi Dress Black Curve &amp; Plus</span></p></div><div class=""_productInfo_v8p0f_32""><div class=""_productInfoContainer_v8p0f_40""><div class=""_priceContainer_v8p0f_46""><p class=""_priceText_v8p0f_56"">₹999</p></div><img alt=""Littlebox"" class=""_marketplaceImage_v8p0f_71"" src=""/images/brands/Littlebox.png""></div></div></div></div></a></div></div><div style=""padding-bottom: 12px;""><div data-product-item=""true""><a href=""/product/727824"" rel=""noopener noreferrer""><div><div><div class=""_wrapper_1gm8f_1"" style=""padding-bottom: 150%;""><img alt=""Gulkand Lehenga Set"" class=""_imageStyle_1gm8f_23"" loading=""lazy"" src=""https://d19dlu1w9mnmln.cloudfront.net/b_5AmQ7SH""></div><div class=""_productDescriptionContainer_v8p0f_1""><p class=""_productText_v8p0f_17""><span class=""_brandNameText_v8p0f_28"">Local Nation</span><span> - </span><span>Gulkand Lehenga Set</span></p></div><div class=""_productInfo_v8p0f_32""><div class=""_productInfoContainer_v8p0f_40""><div class=""_priceContainer_v8p0f_46""><p class=""_priceText_v8p0f_56"">₹18,000</p></div></div></div></div></div></a></div></div><div style=""padding-bottom: 12px;""><div data-product-item=""true""><a href=""/product/510392"" rel=""noopener noreferrer""><div><div><div class=""_wrapper_1gm8f_1"" style=""padding-bottom: 133.333%;""><img alt=""wardrobe blue stripe printed cotton shirt"" class=""_imageStyle_1gm8f_23"" loading=""lazy"" src=""https://d19dlu1w9mnmln.cloudfront.net/b_w2dU1Gs""></div><div class=""_productDescriptionContainer_v8p0f_1""><p class=""_productText_v8p0f_17""><span class=""_brandNameText_v8p0f_28"">Westside</span><span> - </span><span>wardrobe blue stripe printed cotton shirt</span></p></div><div class=""_productInfo_v8p0f_32""><div class=""_productInfoContainer_v8p0f_40""><div class=""_priceContainer_v8p0f_46""><p class=""_priceText_v8p0f_56"">₹1,299</p></div></div></div></div></div></a></div></div><div style=""padding-bottom: 12px;""><div data-product-item=""true""><a href=""/product/951224"" rel=""noopener noreferrer""><div><div><div class=""_wrapper_1gm8f_1"" style=""padding-bottom: 133.333%;""><img alt=""Levis Women Ribcage Bootcut High-Rise Light Fade Stretchable Jeans"" class=""_imageStyle_1gm8f_23"" loading=""lazy"" src=""https://d19dlu1w9mnmln.cloudfront.net/b_Z2Km9XNl""></div><div class=""_productDescriptionContainer_v8p0f_1""><p class=""_productText_v8p0f_17""><span class=""_brandNameText_v8p0f_28"">Levis</span><span> - </span><span>Levis Women Ribcage Bootcut High-Rise Light Fade Stretchable Jeans</span></p></div><div class=""_productInfo_v8p0f_32""><div class=""_productInfoContainer_v8p0f_40""><div class=""_priceContainer_v8p0f_46""><p class=""_priceText_v8p0f_56"">₹2,089</p></div><img alt=""Myntra"" class=""_marketplaceImage_v8p0f_71"" src=""/images/brands/Myntra.png""></div></div></div></div></a></div></div><div style=""padding-bottom: 12px;""><div data-product-item=""true""><a href=""/product/608128"" rel=""noopener noreferrer""><div><div><div class=""_wrapper_1gm8f_1"" style=""padding-bottom: 150%;""><img alt=""zeinab|peplum top with tie detail"" class=""_imageStyle_1gm8f_23"" loading=""lazy"" src=""https://d19dlu1w9mnmln.cloudfront.net/b_YYYPRlj""></div><div class=""_productDescriptionContainer_v8p0f_1""><p class=""_productText_v8p0f_17""><span class=""_brandNameText_v8p0f_28"">Virgio</span><span> - </span><span>zeinab|peplum top with tie detail</span></p></div><div class=""_productInfo_v8p0f_32""><div class=""_productInfoContainer_v8p0f_40""><div class=""_priceContainer_v8p0f_46""><p class=""_priceText_v8p0f_56"">₹1,795</p><p class=""_mrpText_v8p0f_63""><span>₹1,990</span></p></div></div></div></div></div></a></div></div><div style=""padding-bottom: 24px;""><div data-product-item=""true""><a href=""/product/65908"" rel=""noopener noreferrer""><div><div><div class=""_wrapper_1gm8f_1"" style=""padding-bottom: 133.333%;""><img alt=""V-Neck Lace Bowknot Mini Dress"" class=""_imageStyle_1gm8f_23"" loading=""lazy"" src=""https://d19dlu1w9mnmln.cloudfront.net/media/b_GpF3t5h""></div><div class=""_productDescriptionContainer_v8p0f_1""><p class=""_productText_v8p0f_17""><span class=""_brandNameText_v8p0f_28"">Cider</span><span> - </span><span>V-Neck Lace Bowknot Mini Dress</span></p></div><div class=""_productInfo_v8p0f_32""><div class=""_productInfoContainer_v8p0f_40""><div class=""_priceContainer_v8p0f_46""><p class=""_priceText_v8p0f_56"">₹3,999</p></div><img alt=""Nykaa"" class=""_marketplaceImage_v8p0f_71"" src=""/images/brands/Nyka.png""></div></div></div></div></a></div></div></div></div></div></div></div></main></div>
  

<script type=""text/javascript"" crossorigin=""anonymous"" src=""https://us-assets.i.posthog.com/static/web-vitals.js?v=1.248.0""></script><script type=""text/javascript"" crossorigin=""anonymous"" src=""https://us-assets.i.posthog.com/static/dead-clicks-autocapture.js?v=1.248.0""></script><script type=""text/javascript"" crossorigin=""anonymous"" src=""https://us-assets.i.posthog.com/static/recorder.js?v=1.248.0""></script><script type=""text/javascript"" crossorigin=""anonymous"" src=""https://us-assets.i.posthog.com/array/phc_ODvWTbiTHq0pdDcNtWDzcf2L1vxwGNy9z07K9jFlXaY/config.js""></script></body></html>","14800","2600","7900","7900","7900","7900","10500","6746","image","IMG","https://d19dlu1w9mnmln.cloudfront.net/media/b_uCMpVUE","98","75","290","285","681","2504","2504","2505","290","290","290","290","1364","1364","2505","2505","2598","3602","6040","6101","3603","6864","6864","0","0","6035","29","30024","6035","6035","6035","46","250701_YiDc9S_865","1","1","534202","0","0","99","0","0","1","804831","1113","1","2902","1226198","8","1356302","31307","2","31864","27095","11","27095","0","0","0","890896","2","890896","0","0","0","13709502","30","13709841","250701_YiDc9S_865","","","",
"756","756","7831","20761","6135","11715","11123","10","10","3","7","0","3","0","0","1","1","83B27BD9632C06FFC211CA2491056E6E","693","693","377","378","https://slayd.in/","5","0","21500.2","https://fonts.googleapis.com/css2?family=Reddit+Sans+Condensed:wght@200..900&display=swap","322","484","547","1763","1763","1","0","256","65","8","20","38","-1","100","-1","-1","-1","-1","-1","11856","7419","-1","-1","0","0","Google","1","5","0","0","0","27","0","7","5","1","10","134","4","6","3","0","12","324","2","1","35","0","0","0","0","0","0","0","0","0","0","1","0","4","0","0","0","0","0","0","0","0","0","0","0","0","0","0","0","0","0","4","0","1","0","0","","1","3","0","0","0","0","0","4","1","16","5","0","0","0","0","0","0","0","0","0","0","0","0","2","0","0","0","0","0","0","0","0","0","0","0","0","0","0","0","0","0","0","0","0","0","0","4","0","0","1","0","0","0","0","0","0","0","","0","0","0","0","0","0","0","0","1","0","0","7188","ip-172-31-12-229-10.10.1.125","1751391633.5077","Linux 6.8.0-1028-aws","Linux 6.8.0-1028-aws","x86_64 x86_64","1751391635.3432","136.0.0.0","136.0.0.0","3470","16.4767331434","https://slayd.in/","slayd.in","https://slayd.in","411","691","484","484","ec2-3-110-40-235.ap-south-1.compute.amazonaws.com","","ns63.domaincontrol.com","Chrome","Step_1","15359","https://slayd.in/","24","{""dppx"":1,""dpcm"":37.79527559055118,""dpi"":96}","[{""url"":""https://d19dlu1w9mnmln.cloudfront.net/media/b_R9uWjR2"",""width"":657,""height"":875,""naturalWidth"":540,""naturalHeight"":720},{""url"":""https://slayd.in/images/brands/Savana.png"",""width"":20,""height"":20,""naturalWidth"":54,""naturalHeight"":54},{""url"":""https://d19dlu1w9mnmln.cloudfront.net/media/b_q5PKYPq"",""width"":657,""height"":875,""naturalWidth"":1080,""naturalHeight"":1440},{""url"":""https://slayd.in/images/brands/Myntra.png"",""width"":20,""height"":20,""naturalWidth"":54,""naturalHeight"":54},{""url"":""https://d19dlu1w9mnmln.cloudfront.net/b_E3tvoSr"",""width"":657,""height"":821,""naturalWidth"":2702,""naturalHeight"":3377},{""url"":""https://d19dlu1w9mnmln.cloudfront.net/b_54fECSp"",""width"":657,""height"":985,""naturalWidth"":2262,""naturalHeight"":3393},{""url"":""https://d19dlu1w9mnmln.cloudfront.net/b_Zvr4eFLi"",""width"":657,""height"":985,""naturalWidth"":1000,""naturalHeight"":1500},{""url"":""https://d19dlu1w9mnmln.cloudfront.net/media/b_UMwfCkg"",""width"":657,""height"":823,""naturalWidth"":473,""naturalHeight"":593},{""url"":""https://slayd.in/images/brands//Ajio.png"",""width"":20,""height"":20,""naturalWidth"":54,""naturalHeight"":54},{""url"":""https://d19dlu1w9mnmln.cloudfront.net/b_JRsmaSba"",""width"":657,""height"":986,""naturalWidth"":375,""naturalHeight"":563},{""url"":""https://slayd.in/images/brands/Zara.png"",""width"":20,""height"":20,""naturalWidth"":54,""naturalHeight"":54},{""url"":""https://d19dlu1w9mnmln.cloudfront.net/media/b_nVIIvXb"",""width"":657,""height"":875,""naturalWidth"":1500,""naturalHeight"":2000},{""url"":""https://slayd.in/images/brands/Nyka.png"",""width"":20,""height"":20,""naturalWidth"":54,""naturalHeight"":54},{""url"":""https://d19dlu1w9mnmln.cloudfront.net/b_CR7sfSn"",""width"":657,""height"":657,""naturalWidth"":800,""naturalHeight"":800},{""url"":""https://slayd.in/images/brands/Newme.png"",""width"":20,""height"":20,""naturalWidth"":54,""naturalHeight"":54},{""url"":""https://d19dlu1w9mnmln.cloudfront.net/b_xHKDY4L"",""width"":657,""height"":985,""naturalWidth"":2048,""naturalHeight"":3072},{""url"":""https://slayd.in/images/brands/Zara.png"",""width"":20,""height"":20,""naturalWidth"":54,""naturalHeight"":54},{""url"":""https://d19dlu1w9mnmln.cloudfront.net/media/b_uCMpVUE"",""width"":657,""height"":875,""naturalWidth"":1080,""naturalHeight"":1440},{""url"":""https://slayd.in/images/brands/Myntra.png"",""width"":20,""height"":20,""naturalWidth"":54,""naturalHeight"":54},{""url"":""https://d19dlu1w9mnmln.cloudfront.net/b_bTmm9fY"",""width"":657,""height"":813,""naturalWidth"":1920,""naturalHeight"":2379},{""url"":""https://d19dlu1w9mnmln.cloudfront.net/b_Y2brBRk"",""width"":657,""height"":875,""naturalWidth"":540,""naturalHeight"":720},{""url"":""https://slayd.in/images/brands/Savana.png"",""width"":20,""height"":20,""naturalWidth"":54,""naturalHeight"":54},{""url"":""https://d19dlu1w9mnmln.cloudfront.net/b_7ZlmZf0"",""width"":657,""height"":812,""naturalWidth"":400,""naturalHeight"":495},{""url"":""https://d19dlu1w9mnmln.cloudfront.net/b_iKfLYxS"",""width"":657,""height"":821,""naturalWidth"":1080,""naturalHeight"":1350},{""url"":""https://slayd.in/images/brands/Littlebox.png"",""width"":20,""height"":20,""naturalWidth"":54,""naturalHeight"":54},{""url"":""https://d19dlu1w9mnmln.cloudfront.net/b_5AmQ7SH"",""width"":657,""height"":985,""naturalWidth"":800,""naturalHeight"":1200},{""url"":""https://d19dlu1w9mnmln.cloudfront.net/b_w2dU1Gs"",""width"":657,""height"":875,""naturalWidth"":768,""naturalHeight"":1024},{""url"":""https://d19dlu1w9mnmln.cloudfront.net/b_Z2Km9XNl"",""width"":657,""height"":875,""naturalWidth"":1080,""naturalHeight"":1440},{""url"":""https://slayd.in/images/brands/Myntra.png"",""width"":20,""height"":20,""naturalWidth"":54,""naturalHeight"":54},{""url"":""https://d19dlu1w9mnmln.cloudfront.net/b_YYYPRlj"",""width"":657,""height"":985,""naturalWidth"":400,""naturalHeight"":600},{""url"":""https://d19dlu1w9mnmln.cloudfront.net/media/b_GpF3t5h"",""width"":657,""height"":875,""naturalWidth"":1500,""naturalHeight"":2000},{""url"":""https://slayd.in/images/brands/Nyka.png"",""width"":20,""height"":20,""naturalWidth"":54,""naturalHeight"":54}]","{""absolute"":{""height"":1200,""width"":1920},""available"":{""height"":1200,""width"":1920}}","94.04","21.18","width=device-width, initial-scale=1, maximum-scale=1, user-scalable=no, viewport-fit=cover","<html lang=""en""><head>
    <meta charset=""utf-8"">
    <meta name=""viewport"" content=""width=device-width, initial-scale=1, maximum-scale=1, user-scalable=no, viewport-fit=cover"">
    <meta name=""theme-color"" content=""rgb(249, 247, 243)"">
    <meta name=""color-scheme"" content=""light"">
    <meta name=""description"" content=""One stop solution for fashion discovery"">

    <!-- Open Graph / Facebook -->
    <meta property=""og:type"" content=""website"">
    <meta property=""og:url"" content=""https://slayd.in/"">
    <meta property=""og:title"" content=""Slayd - AI-Powered Fashion Discovery"">
    <meta property=""og:description"" content=""One stop solution for fashion discovery. Find similar outfits from 5000+ Indian and global fashion brands."">
    <meta property=""og:image"" content=""https://slayd.in/icons/logo-512x512.png"">

    <!-- Twitter -->
    <meta property=""twitter:card"" content=""summary_large_image"">
    <meta property=""twitter:url"" content=""https://slayd.in/"">
    <meta property=""twitter:title"" content=""Slayd - AI-Powered Fashion Discovery"">
    <meta property=""twitter:description"" content=""One stop solution for fashion discovery. Find similar outfits from 5000+ Indian and global fashion brands."">
    <meta property=""twitter:image"" content=""https://slayd.in/icons/logo-512x512.png"">

    <link rel=""icon"" href=""/icons/logo.svg"">
    <link rel=""icon"" type=""image/png"" sizes=""16x16"" href=""/icons/logo-16x16.png"">
    <link rel=""icon"" type=""image/png"" sizes=""32x32"" href=""/icons/logo-32x32.png"">
    <link rel=""icon"" type=""image/png"" sizes=""192x192"" href=""/icons/logo-192x192.png"">
    <link rel=""icon"" type=""image/png"" sizes=""512x512"" href=""/icons/logo-512x512.png"">
    <link rel=""apple-touch-icon"" href=""/icons/logo-192x192.png"">

    <link rel=""preconnect"" href=""https://fonts.googleapis.com"">
    <link rel=""preconnect"" href=""https://fonts.gstatic.com"" crossorigin="""">
    <link rel=""preconnect"" href=""https://api.slayd.in"">

    <link href=""https://fonts.googleapis.com/css2?family=Reddit+Sans+Condensed:wght@200..900&amp;display=swap"" rel=""stylesheet"">

    <script async="""" src=""https://www.clarity.ms/s/0.8.15/clarity.js""></script><script async="""" src=""https://www.clarity.ms/tag/qrmpd2xepk""></script><script type=""text/javascript"">
      (function(c,l,a,r,i,t,y){
          c[a]=c[a]||function(){(c[a].q=c[a].q||[]).push(arguments)};
          t=l.createElement(r);t.async=1;t.src=""https://www.clarity.ms/tag/""+i;
          y=l.getElementsByTagName(r)[0];y.parentNode.insertBefore(t,y);
      })(window, document, ""clarity"", ""script"", ""qrmpd2xepk"");
    </script>

    <title>Slayd</title>
    <script type=""module"" crossorigin="""" src=""/assets/index-kSBiKzVV.js""></script>
    <link rel=""modulepreload"" crossorigin="""" href=""/assets/vendor-BQK9_sJn.js"">
    <link rel=""stylesheet"" crossorigin="""" href=""/assets/index-D_qX400Y.css"">
  </head>
  <body>
    <noscript>You need to enable JavaScript to run this app.</noscript>
    <div id=""root""><main><div class=""_container_12v3g_3""><div class=""_row_12v3g_10""><div class=""_backButtonWrapper_12v3g_15"" style=""width: 0px;""><button class=""_backButton_12v3g_15"" style=""opacity: 0;""><svg stroke=""currentColor"" fill=""currentColor"" stroke-width=""0"" viewBox=""0 0 512 512"" color=""#2F314A"" height=""1em"" width=""1em"" xmlns=""http://www.w3.org/2000/svg"" style=""color: rgb(47, 49, 74);""><path d=""M217.9 256L345 129c9.4-9.4 9.4-24.6 0-33.9-9.4-9.4-24.6-9.3-34 0L167 239c-9.1 9.1-9.3 23.7-.7 33.1L310.9 417c4.7 4.7 10.9 7 17 7s12.3-2.3 17-7c9.4-9.4 9.4-24.6 0-33.9L217.9 256z""></path></svg></button></div><div class=""_searchWrapper_12v3g_30""><div class=""_searchIconWrapper_12v3g_169""><svg xmlns=""http://www.w3.org/2000/svg"" width=""14px"" height=""14px"" fill=""none""><path fill=""#080928"" d=""M11.048 10.074 14 13.025l-.975.975-2.951-2.952A6.205 6.205 0 0 1 0 6.202 6.205 6.205 0 0 1 6.203 0a6.205 6.205 0 0 1 4.845 10.074Zm-1.382-.512a4.823 4.823 0 0 0-3.463-8.184 4.823 4.823 0 0 0-4.825 4.825 4.823 4.823 0 0 0 8.184 3.463l.104-.104Z""></path></svg></div><input class=""_searchInput_12v3g_40"" placeholder=""Search 'clubbing outfits'"" type=""text"" value="""" style=""padding-left: 43px;""><input accept=""image/*"" id=""imageUpload"" class=""_fileInput_12v3g_183"" type=""file""><span class=""_clearIcon_12v3g_158""><svg xmlns=""http://www.w3.org/2000/svg"" width=""1.5em"" height=""1.2em"" fill=""none""><path fill=""#71738A"" d=""m16.261 6.774-.205.471a.422.422 0 0 1-.778 0l-.206-.471a3.636 3.636 0 0 0-1.849-1.876l-.633-.282a.442.442 0 0 1 0-.802l.598-.266a3.638 3.638 0 0 0 1.875-1.939l.211-.51a.422.422 0 0 1 .785 0l.21.51a3.638 3.638 0 0 0 1.877 1.939l.597.266a.442.442 0 0 1 0 .802l-.633.282a3.635 3.635 0 0 0-1.849 1.876ZM6.5 2.5h4.167v1.667H7.19L5.524 5.834h-3.19v10h13.333V9.167h1.666v7.5c0 .46-.373.833-.833.833h-15a.833.833 0 0 1-.833-.833V5c0-.46.373-.833.833-.833h3.333L6.5 2.5ZM9 15a4.583 4.583 0 1 1 0-9.166A4.583 4.583 0 0 1 9 15Zm0-1.666A2.917 2.917 0 1 0 9 7.5a2.917 2.917 0 0 0 0 5.834Z""></path></svg></span></div></div><div class=""_filterWrapper_12v3g_57 no-drag""><div class=""_Container_iw86x_1""><button class=""_Button_iw86x_13"" style=""border-radius: 20px; border-width: 0px; border-style: none; border-color: transparent; background-color: rgb(249, 247, 243); cursor: pointer;"">Price<svg stroke=""currentColor"" fill=""currentColor"" stroke-width=""0"" viewBox=""0 0 24 24"" color=""#2F314A"" height=""16"" width=""16"" xmlns=""http://www.w3.org/2000/svg"" style=""color: rgb(47, 49, 74);""><path d=""M11.9999 13.1714L16.9497 8.22168L18.3639 9.63589L11.9999 15.9999L5.63599 9.63589L7.0502 8.22168L11.9999 13.1714Z""></path></svg></button></div></div><div style=""z-index: 1000;""></div><div class=""_scrollWrapper_12v3g_131""><div><div class=""_content_l36qx_1""><div class=""_column_l36qx_13""><div style=""padding-bottom: 12px;""><div data-product-item=""true""><a href=""/product/101071"" rel=""noopener noreferrer""><div><div><div class=""_wrapper_1gm8f_1"" style=""padding-bottom: 133.333%;""><img alt=""Darted Bodycon Dress"" class=""_imageStyle_1gm8f_23"" loading=""lazy"" src=""https://d19dlu1w9mnmln.cloudfront.net/media/b_R9uWjR2""></div><div class=""_productDescriptionContainer_v8p0f_1""><p class=""_productText_v8p0f_17""><span class=""_brandNameText_v8p0f_28"">Savana</span><span> - </span><span>Darted Bodycon Dress</span></p></div><div class=""_productInfo_v8p0f_32""><div class=""_productInfoContainer_v8p0f_40""><div class=""_priceContainer_v8p0f_46""><p class=""_priceText_v8p0f_56"">₹792</p></div><img alt=""Savana"" class=""_marketplaceImage_v8p0f_71"" src=""/images/brands/Savana.png""></div></div></div></div></a></div></div><div style=""padding-bottom: 12px;""><div data-product-item=""true""><a href=""/product/329010"" rel=""noopener noreferrer""><div><div><div class=""_wrapper_1gm8f_1"" style=""padding-bottom: 133.333%;""><img alt=""Trendyol Women One Shoulder Sleeveless Top"" class=""_imageStyle_1gm8f_23"" loading=""lazy"" src=""https://d19dlu1w9mnmln.cloudfront.net/media/b_q5PKYPq""></div><div class=""_productDescriptionContainer_v8p0f_1""><p class=""_productText_v8p0f_17""><span class=""_brandNameText_v8p0f_28"">Trendyol</span><span> - </span><span>Trendyol Women One Shoulder Sleeveless Top</span></p></div><div class=""_productInfo_v8p0f_32""><div class=""_productInfoContainer_v8p0f_40""><div class=""_priceContainer_v8p0f_46""><p class=""_priceText_v8p0f_56"">₹3,599</p><p class=""_mrpText_v8p0f_63""><span>₹7,199</span></p></div><img alt=""Myntra"" class=""_marketplaceImage_v8p0f_71"" src=""/images/brands/Myntra.png""></div></div></div></div></a></div></div><div style=""padding-bottom: 12px;""><div data-product-item=""true""><a href=""/product/796412"" rel=""noopener noreferrer""><div><div><div class=""_wrapper_1gm8f_1"" style=""padding-bottom: 124.981%;""><img alt=""Blue Atoll Handcrafted Earrings"" class=""_imageStyle_1gm8f_23"" loading=""lazy"" src=""https://d19dlu1w9mnmln.cloudfront.net/b_E3tvoSr""></div><div class=""_productDescriptionContainer_v8p0f_1""><p class=""_productText_v8p0f_17""><span class=""_brandNameText_v8p0f_28"">Aachho</span><span> - </span><span>Blue Atoll Handcrafted Earrings</span></p></div><div class=""_productInfo_v8p0f_32""><div class=""_productInfoContainer_v8p0f_40""><div class=""_priceContainer_v8p0f_46""><p class=""_priceText_v8p0f_56"">₹570</p></div></div></div></div></div></a></div></div><div style=""padding-bottom: 12px;""><div data-product-item=""true""><a href=""/product/729473"" rel=""noopener noreferrer""><div><div><div class=""_wrapper_1gm8f_1"" style=""padding-bottom: 150%;""><img alt=""Dainty Daisy Handmade Cardigan"" class=""_imageStyle_1gm8f_23"" loading=""lazy"" src=""https://d19dlu1w9mnmln.cloudfront.net/b_54fECSp""></div><div class=""_productDescriptionContainer_v8p0f_1""><p class=""_productText_v8p0f_17""><span class=""_brandNameText_v8p0f_28"">Local Nation</span><span> - </span><span>Dainty Daisy Handmade Cardigan</span></p></div><div class=""_productInfo_v8p0f_32""><div class=""_productInfoContainer_v8p0f_40""><div class=""_priceContainer_v8p0f_46""><p class=""_priceText_v8p0f_56"">₹3,515</p></div></div></div></div></div></a></div></div><div style=""padding-bottom: 12px;""><div data-product-item=""true""><a href=""/product/958439"" rel=""noopener noreferrer""><div><div><div class=""_wrapper_1gm8f_1"" style=""padding-bottom: 150%;""><img alt=""Vintage Sky Distress Bootcut Jeans"" class=""_imageStyle_1gm8f_23"" loading=""lazy"" src=""https://d19dlu1w9mnmln.cloudfront.net/b_Zvr4eFLi""></div><div class=""_productDescriptionContainer_v8p0f_1""><p class=""_productText_v8p0f_17""><span class=""_brandNameText_v8p0f_28"">Freakins</span><span> - </span><span>Vintage Sky Distress Bootcut Jeans</span></p></div><div class=""_productInfo_v8p0f_32""><div class=""_productInfoContainer_v8p0f_40""><div class=""_priceContainer_v8p0f_46""><p class=""_priceText_v8p0f_56"">₹1,599</p></div></div></div></div></div></a></div></div><div style=""padding-bottom: 12px;""><div data-product-item=""true""><a href=""/product/425875"" rel=""noopener noreferrer""><div><div><div class=""_wrapper_1gm8f_1"" style=""padding-bottom: 125.37%;""><img alt=""Supima Cotton The Softest T-Shirt Crew Neck"" class=""_imageStyle_1gm8f_23"" loading=""lazy"" src=""https://d19dlu1w9mnmln.cloudfront.net/media/b_UMwfCkg""></div><div class=""_productDescriptionContainer_v8p0f_1""><p class=""_productText_v8p0f_17""><span class=""_brandNameText_v8p0f_28"">Blissclub</span><span> - </span><span>Supima Cotton The Softest T-Shirt Crew Neck</span></p></div><div class=""_productInfo_v8p0f_32""><div class=""_productInfoContainer_v8p0f_40""><div class=""_priceContainer_v8p0f_46""><p class=""_priceText_v8p0f_56"">₹728</p><p class=""_mrpText_v8p0f_63""><span>₹1,599</span></p></div><img alt=""Ajio"" class=""_marketplaceImage_v8p0f_71"" src=""/images/brands//Ajio.png""></div></div></div></div></a></div></div><div style=""padding-bottom: 12px;""><div data-product-item=""true""><a href=""/product/971362"" rel=""noopener noreferrer""><div><div><div class=""_wrapper_1gm8f_1"" style=""padding-bottom: 150.133%;""><img alt=""MINI SHORTS"" class=""_imageStyle_1gm8f_23"" loading=""lazy"" src=""https://d19dlu1w9mnmln.cloudfront.net/b_JRsmaSba""></div><div class=""_productDescriptionContainer_v8p0f_1""><p class=""_productText_v8p0f_17""><span class=""_brandNameText_v8p0f_28"">Zara</span><span> - </span><span>MINI SHORTS</span></p></div><div class=""_productInfo_v8p0f_32""><div class=""_productInfoContainer_v8p0f_40""><div class=""_priceContainer_v8p0f_46""><p class=""_priceText_v8p0f_56"">₹2,350</p></div><img alt=""Zara"" class=""_marketplaceImage_v8p0f_71"" src=""/images/brands/Zara.png""></div></div></div></div></a></div></div><div style=""padding-bottom: 12px;""><div data-product-item=""true""><a href=""/product/199446"" rel=""noopener noreferrer""><div><div><div class=""_wrapper_1gm8f_1"" style=""padding-bottom: 133.333%;""><img alt=""Floral Halter Sheer Crop Tube Top"" class=""_imageStyle_1gm8f_23"" loading=""lazy"" src=""https://d19dlu1w9mnmln.cloudfront.net/media/b_nVIIvXb""></div><div class=""_productDescriptionContainer_v8p0f_1""><p class=""_productText_v8p0f_17""><span class=""_brandNameText_v8p0f_28"">Cider</span><span> - </span><span>Floral Halter Sheer Crop Tube Top</span></p></div><div class=""_productInfo_v8p0f_32""><div class=""_productInfoContainer_v8p0f_40""><div class=""_priceContainer_v8p0f_46""><p class=""_priceText_v8p0f_56"">₹1,799</p></div><img alt=""Nykaa"" class=""_marketplaceImage_v8p0f_71"" src=""/images/brands/Nyka.png""></div></div></div></div></a></div></div><div style=""padding-bottom: 12px;""><div data-product-item=""true""><a href=""/product/646154"" rel=""noopener noreferrer""><div><div><div class=""_wrapper_1gm8f_1"" style=""padding-bottom: 100%;""><img alt=""Imitation Silver Chain Link Layered Necklace"" class=""_imageStyle_1gm8f_23"" loading=""lazy"" src=""https://d19dlu1w9mnmln.cloudfront.net/b_CR7sfSn""></div><div class=""_productDescriptionContainer_v8p0f_1""><p class=""_productText_v8p0f_17""><span class=""_brandNameText_v8p0f_28"">Newme</span><span> - </span><span>Imitation Silver Chain Link Layered Necklace</span></p></div><div class=""_productInfo_v8p0f_32""><div class=""_productInfoContainer_v8p0f_40""><div class=""_priceContainer_v8p0f_46""><p class=""_priceText_v8p0f_56"">₹149</p></div><img alt=""Newme"" class=""_marketplaceImage_v8p0f_71"" src=""/images/brands/Newme.png""></div></div></div></div></a></div></div><div style=""padding-bottom: 24px;""><div data-product-item=""true""><a href=""/product/762425"" rel=""noopener noreferrer""><div><div><div class=""_wrapper_1gm8f_1"" style=""padding-bottom: 150%;""><img alt=""ASYMMETRIC MIDI DRESS"" class=""_imageStyle_1gm8f_23"" loading=""lazy"" src=""https://d19dlu1w9mnmln.cloudfront.net/b_xHKDY4L""></div><div class=""_productDescriptionContainer_v8p0f_1""><p class=""_productText_v8p0f_17""><span class=""_brandNameText_v8p0f_28"">Zara</span><span> - </span><span>ASYMMETRIC MIDI DRESS</span></p></div><div class=""_productInfo_v8p0f_32""><div class=""_productInfoContainer_v8p0f_40""><div class=""_priceContainer_v8p0f_46""><p class=""_priceText_v8p0f_56"">₹2,550</p></div><img alt=""Zara"" class=""_marketplaceImage_v8p0f_71"" src=""/images/brands/Zara.png""></div></div></div></div></a></div></div></div><div class=""_column_l36qx_13""><div style=""padding-bottom: 12px;""><div data-product-item=""true""><a href=""/product/134260"" rel=""noopener noreferrer""><div><div><div class=""_wrapper_1gm8f_1"" style=""padding-bottom: 133.333%;""><img alt=""Trendyol Round Neck Sheath Dress"" class=""_imageStyle_1gm8f_23"" loading=""lazy"" src=""https://d19dlu1w9mnmln.cloudfront.net/media/b_uCMpVUE""></div><div class=""_productDescriptionContainer_v8p0f_1""><p class=""_productText_v8p0f_17""><span class=""_brandNameText_v8p0f_28"">Trendyol</span><span> - </span><span>Trendyol Round Neck Sheath Dress</span></p></div><div class=""_productInfo_v8p0f_32""><div class=""_productInfoContainer_v8p0f_40""><div class=""_priceContainer_v8p0f_46""><p class=""_priceText_v8p0f_56"">₹3,599</p><p class=""_mrpText_v8p0f_63""><span>₹4,499</span></p></div><img alt=""Myntra"" class=""_marketplaceImage_v8p0f_71"" src=""/images/brands/Myntra.png""></div></div></div></div></a></div></div><div style=""padding-bottom: 12px;""><div data-product-item=""true""><a href=""/product/546581"" rel=""noopener noreferrer""><div><div><div class=""_wrapper_1gm8f_1"" style=""padding-bottom: 123.906%;""><img alt=""rareism women finn dark rust cotton fabric straight fit full sleeves solid hooded track suit"" class=""_imageStyle_1gm8f_23"" loading=""lazy"" src=""https://d19dlu1w9mnmln.cloudfront.net/b_bTmm9fY""></div><div class=""_productDescriptionContainer_v8p0f_1""><p class=""_productText_v8p0f_17""><span class=""_brandNameText_v8p0f_28"">The House Of Rare</span><span> - </span><span>rareism women finn dark rust cotton fabric straight fit full sleeves solid hooded track suit</span></p></div><div class=""_productInfo_v8p0f_32""><div class=""_productInfoContainer_v8p0f_40""><div class=""_priceContainer_v8p0f_46""><p class=""_priceText_v8p0f_56"">₹2,788</p><p class=""_mrpText_v8p0f_63""><span>₹4,499</span></p></div></div></div></div></div></a></div></div><div style=""padding-bottom: 12px;""><div data-product-item=""true""><a href=""/product/662251"" rel=""noopener noreferrer""><div><div><div class=""_wrapper_1gm8f_1"" style=""padding-bottom: 133.333%;""><img alt=""Geometric Mesh Leggings"" class=""_imageStyle_1gm8f_23"" loading=""lazy"" src=""https://d19dlu1w9mnmln.cloudfront.net/b_Y2brBRk""></div><div class=""_productDescriptionContainer_v8p0f_1""><p class=""_productText_v8p0f_17""><span class=""_brandNameText_v8p0f_28"">Savana</span><span> - </span><span>Geometric Mesh Leggings</span></p></div><div class=""_productInfo_v8p0f_32""><div class=""_productInfoContainer_v8p0f_40""><div class=""_priceContainer_v8p0f_46""><p class=""_priceText_v8p0f_56"">₹667</p></div><img alt=""Savana"" class=""_marketplaceImage_v8p0f_71"" src=""/images/brands/Savana.png""></div></div></div></div></a></div></div><div style=""padding-bottom: 12px;""><div data-product-item=""true""><a href=""/product/605866"" rel=""noopener noreferrer""><div><div><div class=""_wrapper_1gm8f_1"" style=""padding-bottom: 123.75%;""><img alt=""rareism women shelly rust poly cotton fabric relaxed fit full sleeves solid round neck sweatshirt"" class=""_imageStyle_1gm8f_23"" loading=""lazy"" src=""https://d19dlu1w9mnmln.cloudfront.net/b_7ZlmZf0""></div><div class=""_productDescriptionContainer_v8p0f_1""><p class=""_productText_v8p0f_17""><span class=""_brandNameText_v8p0f_28"">The House Of Rare</span><span> - </span><span>rareism women shelly rust poly cotton fabric relaxed fit full sleeves solid round neck sweatshirt</span></p></div><div class=""_productInfo_v8p0f_32""><div class=""_productInfoContainer_v8p0f_40""><div class=""_priceContainer_v8p0f_46""><p class=""_priceText_v8p0f_56"">₹1,979</p><p class=""_mrpText_v8p0f_63""><span>₹2,999</span></p></div></div></div></div></div></a></div></div><div style=""padding-bottom: 12px;""><div data-product-item=""true""><a href=""/product/798778"" rel=""noopener noreferrer""><div><div><div class=""_wrapper_1gm8f_1"" style=""padding-bottom: 125%;""><img alt=""Rib Button Drawstring Midi Dress Black Curve &amp; Plus"" class=""_imageStyle_1gm8f_23"" loading=""lazy"" src=""https://d19dlu1w9mnmln.cloudfront.net/b_iKfLYxS""></div><div class=""_productDescriptionContainer_v8p0f_1""><p class=""_productText_v8p0f_17""><span class=""_brandNameText_v8p0f_28"">Littlebox</span><span> - </span><span>Rib Button Drawstring Midi Dress Black Curve &amp; Plus</span></p></div><div class=""_productInfo_v8p0f_32""><div class=""_productInfoContainer_v8p0f_40""><div class=""_priceContainer_v8p0f_46""><p class=""_priceText_v8p0f_56"">₹999</p></div><img alt=""Littlebox"" class=""_marketplaceImage_v8p0f_71"" src=""/images/brands/Littlebox.png""></div></div></div></div></a></div></div><div style=""padding-bottom: 12px;""><div data-product-item=""true""><a href=""/product/727824"" rel=""noopener noreferrer""><div><div><div class=""_wrapper_1gm8f_1"" style=""padding-bottom: 150%;""><img alt=""Gulkand Lehenga Set"" class=""_imageStyle_1gm8f_23"" loading=""lazy"" src=""https://d19dlu1w9mnmln.cloudfront.net/b_5AmQ7SH""></div><div class=""_productDescriptionContainer_v8p0f_1""><p class=""_productText_v8p0f_17""><span class=""_brandNameText_v8p0f_28"">Local Nation</span><span> - </span><span>Gulkand Lehenga Set</span></p></div><div class=""_productInfo_v8p0f_32""><div class=""_productInfoContainer_v8p0f_40""><div class=""_priceContainer_v8p0f_46""><p class=""_priceText_v8p0f_56"">₹18,000</p></div></div></div></div></div></a></div></div><div style=""padding-bottom: 12px;""><div data-product-item=""true""><a href=""/product/510392"" rel=""noopener noreferrer""><div><div><div class=""_wrapper_1gm8f_1"" style=""padding-bottom: 133.333%;""><img alt=""wardrobe blue stripe printed cotton shirt"" class=""_imageStyle_1gm8f_23"" loading=""lazy"" src=""https://d19dlu1w9mnmln.cloudfront.net/b_w2dU1Gs""></div><div class=""_productDescriptionContainer_v8p0f_1""><p class=""_productText_v8p0f_17""><span class=""_brandNameText_v8p0f_28"">Westside</span><span> - </span><span>wardrobe blue stripe printed cotton shirt</span></p></div><div class=""_productInfo_v8p0f_32""><div class=""_productInfoContainer_v8p0f_40""><div class=""_priceContainer_v8p0f_46""><p class=""_priceText_v8p0f_56"">₹1,299</p></div></div></div></div></div></a></div></div><div style=""padding-bottom: 12px;""><div data-product-item=""true""><a href=""/product/951224"" rel=""noopener noreferrer""><div><div><div class=""_wrapper_1gm8f_1"" style=""padding-bottom: 133.333%;""><img alt=""Levis Women Ribcage Bootcut High-Rise Light Fade Stretchable Jeans"" class=""_imageStyle_1gm8f_23"" loading=""lazy"" src=""https://d19dlu1w9mnmln.cloudfront.net/b_Z2Km9XNl""></div><div class=""_productDescriptionContainer_v8p0f_1""><p class=""_productText_v8p0f_17""><span class=""_brandNameText_v8p0f_28"">Levis</span><span> - </span><span>Levis Women Ribcage Bootcut High-Rise Light Fade Stretchable Jeans</span></p></div><div class=""_productInfo_v8p0f_32""><div class=""_productInfoContainer_v8p0f_40""><div class=""_priceContainer_v8p0f_46""><p class=""_priceText_v8p0f_56"">₹2,089</p></div><img alt=""Myntra"" class=""_marketplaceImage_v8p0f_71"" src=""/images/brands/Myntra.png""></div></div></div></div></a></div></div><div style=""padding-bottom: 12px;""><div data-product-item=""true""><a href=""/product/608128"" rel=""noopener noreferrer""><div><div><div class=""_wrapper_1gm8f_1"" style=""padding-bottom: 150%;""><img alt=""zeinab|peplum top with tie detail"" class=""_imageStyle_1gm8f_23"" loading=""lazy"" src=""https://d19dlu1w9mnmln.cloudfront.net/b_YYYPRlj""></div><div class=""_productDescriptionContainer_v8p0f_1""><p class=""_productText_v8p0f_17""><span class=""_brandNameText_v8p0f_28"">Virgio</span><span> - </span><span>zeinab|peplum top with tie detail</span></p></div><div class=""_productInfo_v8p0f_32""><div class=""_productInfoContainer_v8p0f_40""><div class=""_priceContainer_v8p0f_46""><p class=""_priceText_v8p0f_56"">₹1,795</p><p class=""_mrpText_v8p0f_63""><span>₹1,990</span></p></div></div></div></div></div></a></div></div><div style=""padding-bottom: 24px;""><div data-product-item=""true""><a href=""/product/65908"" rel=""noopener noreferrer""><div><div><div class=""_wrapper_1gm8f_1"" style=""padding-bottom: 133.333%;""><img alt=""V-Neck Lace Bowknot Mini Dress"" class=""_imageStyle_1gm8f_23"" loading=""lazy"" src=""https://d19dlu1w9mnmln.cloudfront.net/media/b_GpF3t5h""></div><div class=""_productDescriptionContainer_v8p0f_1""><p class=""_productText_v8p0f_17""><span class=""_brandNameText_v8p0f_28"">Cider</span><span> - </span><span>V-Neck Lace Bowknot Mini Dress</span></p></div><div class=""_productInfo_v8p0f_32""><div class=""_productInfoContainer_v8p0f_40""><div class=""_priceContainer_v8p0f_46""><p class=""_priceText_v8p0f_56"">₹3,999</p></div><img alt=""Nykaa"" class=""_marketplaceImage_v8p0f_71"" src=""/images/brands/Nyka.png""></div></div></div></div></a></div></div></div></div></div></div></div></main></div>
  

<script type=""text/javascript"" crossorigin=""anonymous"" src=""https://us-assets.i.posthog.com/array/phc_ODvWTbiTHq0pdDcNtWDzcf2L1vxwGNy9z07K9jFlXaY/config.js""></script><script type=""text/javascript"" crossorigin=""anonymous"" src=""https://us-assets.i.posthog.com/static/web-vitals.js?v=1.248.0""></script><script type=""text/javascript"" crossorigin=""anonymous"" src=""https://us-assets.i.posthog.com/static/dead-clicks-autocapture.js?v=1.248.0""></script><script type=""text/javascript"" crossorigin=""anonymous"" src=""https://us-assets.i.posthog.com/static/recorder.js?v=1.248.0""></script></body></html>","2700","500","1800","1800","1800","1800","2700","1687","image","IMG","https://d19dlu1w9mnmln.cloudfront.net/media/b_uCMpVUE","107","79","113","108","385","440","441","755","112","112","112","113","546","546","756","757","546","1762","1703","1762","1763","1906","1906","0","0","1704","12","10959","1704","1704","1704","28","250701_YiDc9S_865","1","1","1546","0","0","108","0","0","1","22246","0","0","0","500","1","500","698","1","1374","0","0","0","0","0","0","0","0","0","0","0","0","10517","8","11002","250701_YiDc9S_865","10","5","0",
